quesID,quesDesc,ansID,ansDesc,status
1,习近平总书记对广东工作的重要批示中，“四个坚持”为: 坚持党的领导、坚持中国特色社会主义、______、坚持改革开放。,1,坚持新发展理念,1
1,习近平总书记对广东工作的重要批示中，“四个坚持”为: 坚持党的领导、坚持中国特色社会主义、______、坚持改革开放。,2,坚持服务大局,-1
1,习近平总书记对广东工作的重要批示中，“四个坚持”为: 坚持党的领导、坚持中国特色社会主义、______、坚持改革开放。,3,坚持整合资源,-1
1,习近平总书记对广东工作的重要批示中，“四个坚持”为: 坚持党的领导、坚持中国特色社会主义、______、坚持改革开放。,4,坚持艰苦实干,-1
2,习近平总书记对广东工作的重要批示中，“三个支撑”为: 为全国推进供给侧结构性改革、______、构建开放型经济新体制提供支撑。,5,加快产业转型升级,0
2,习近平总书记对广东工作的重要批示中，“三个支撑”为: 为全国推进供给侧结构性改革、______、构建开放型经济新体制提供支撑。,6,实施“一带一路”战略,0
2,习近平总书记对广东工作的重要批示中，“三个支撑”为: 为全国推进供给侧结构性改革、______、构建开放型经济新体制提供支撑。,7,实施创新驱动发展战略,1
2,习近平总书记对广东工作的重要批示中，“三个支撑”为: 为全国推进供给侧结构性改革、______、构建开放型经济新体制提供支撑。,8,全面建成小康社会,-1
3,习近平总书记对广东工作的重要批示中，“两个走在前列”为: 努力在______、加快建设社会主义现代化新征程上走在前列。,9,实施创新驱动发展战略,0
3,习近平总书记对广东工作的重要批示中，“两个走在前列”为: 努力在______、加快建设社会主义现代化新征程上走在前列。,10,全面建成小康社会,1
3,习近平总书记对广东工作的重要批示中，“两个走在前列”为: 努力在______、加快建设社会主义现代化新征程上走在前列。,11,推进供给侧结构性改革,-1
3,习近平总书记对广东工作的重要批示中，“两个走在前列”为: 努力在______、加快建设社会主义现代化新征程上走在前列。,12,构建开放型经济新体制,-1
4,我们一定要以______为统领，把握新机遇、应对新挑战，奋力开创广东发展新局面。,13,省第十二次党代会精神,0
4,我们一定要以______为统领，把握新机遇、应对新挑战，奋力开创广东发展新局面。,14,推进供给侧结构性改革,0
4,我们一定要以______为统领，把握新机遇、应对新挑战，奋力开创广东发展新局面。,15,习近平总书记重要批示,1
4,我们一定要以______为统领，把握新机遇、应对新挑战，奋力开创广东发展新局面。,16,习近平总书记治国理政新理念新思想新战略,-1
5,过去五年，广东经济综合实力显著增强，全省地区生产总值从5.32万亿元增加到7.95万亿元，年均增长8.0％，总量连续______年居全国首位。,17,15,0
5,过去五年，广东经济综合实力显著增强，全省地区生产总值从5.32万亿元增加到7.95万亿元，年均增长8.0％，总量连续______年居全国首位。,18,20,0
5,过去五年，广东经济综合实力显著增强，全省地区生产总值从5.32万亿元增加到7.95万亿元，年均增长8.0％，总量连续______年居全国首位。,19,28,1
5,过去五年，广东经济综合实力显著增强，全省地区生产总值从5.32万亿元增加到7.95万亿元，年均增长8.0％，总量连续______年居全国首位。,20,30,-1
6,未来五年，我省将建设面向未来的现代化基础设施。加快建设覆盖全省、通达全国、连通世界的现代化综合交通运输体系。建设高速公路大通道，形成“十纵六横两环”高速公路骨干网，通车里程超过______万公里。,21,1 ,1
6,未来五年，我省将建设面向未来的现代化基础设施。加快建设覆盖全省、通达全国、连通世界的现代化综合交通运输体系。建设高速公路大通道，形成“十纵六横两环”高速公路骨干网，通车里程超过______万公里。,22,1.5,-1
6,未来五年，我省将建设面向未来的现代化基础设施。加快建设覆盖全省、通达全国、连通世界的现代化综合交通运输体系。建设高速公路大通道，形成“十纵六横两环”高速公路骨干网，通车里程超过______万公里。,23,2,-1
6,未来五年，我省将建设面向未来的现代化基础设施。加快建设覆盖全省、通达全国、连通世界的现代化综合交通运输体系。建设高速公路大通道，形成“十纵六横两环”高速公路骨干网，通车里程超过______万公里。,24,2.5 ,-1
7,未来五年，我省将着力打造创新人才高地。加快建设______，完善人才管理体制，健全评价、流动、激励机制，促进人才在企业与高校、科研机构间双向流动，直接投身发展一线创新创业。,25,全国人才发展改革示范区,0
7,未来五年，我省将着力打造创新人才高地。加快建设______，完善人才管理体制，健全评价、流动、激励机制，促进人才在企业与高校、科研机构间双向流动，直接投身发展一线创新创业。,26,全国人才管理改革试验区,1
7,未来五年，我省将着力打造创新人才高地。加快建设______，完善人才管理体制，健全评价、流动、激励机制，促进人才在企业与高校、科研机构间双向流动，直接投身发展一线创新创业。,27,全国人才管理和培养示范区,-1
7,未来五年，我省将着力打造创新人才高地。加快建设______，完善人才管理体制，健全评价、流动、激励机制，促进人才在企业与高校、科研机构间双向流动，直接投身发展一线创新创业。,28,全国人才综合发展试验区 ,-1
8,推进“两学一做”学习教育常态化制度化，坚持抓住“关键少数”与______相结合，突出党内政治生活的政治教育功能，把“两学一做”学习教育纳入“三会一课”等组织生活制度，长期坚持下去，形成常态。,29,抓牢基层党组织书记 ,0
8,推进“两学一做”学习教育常态化制度化，坚持抓住“关键少数”与______相结合，突出党内政治生活的政治教育功能，把“两学一做”学习教育纳入“三会一课”等组织生活制度，长期坚持下去，形成常态。,30,抓实基层支部,1
8,推进“两学一做”学习教育常态化制度化，坚持抓住“关键少数”与______相结合，突出党内政治生活的政治教育功能，把“两学一做”学习教育纳入“三会一课”等组织生活制度，长期坚持下去，形成常态。,31,抓好基层党组织,-1
8,推进“两学一做”学习教育常态化制度化，坚持抓住“关键少数”与______相结合，突出党内政治生活的政治教育功能，把“两学一做”学习教育纳入“三会一课”等组织生活制度，长期坚持下去，形成常态。,32,抓好广大普通党员 ,-1
9,广东已经发展到了“先富帮后富、最终实现共同富裕”的关键阶段。经过多年接续努力，珠三角辐射带动能力不断增强，粤东西北地区发展条件显著改善，______发展的时机已经成熟。,33,全省一体化 ,1
9,广东已经发展到了“先富帮后富、最终实现共同富裕”的关键阶段。经过多年接续努力，珠三角辐射带动能力不断增强，粤东西北地区发展条件显著改善，______发展的时机已经成熟。,34,全省协同化,-1
9,广东已经发展到了“先富帮后富、最终实现共同富裕”的关键阶段。经过多年接续努力，珠三角辐射带动能力不断增强，粤东西北地区发展条件显著改善，______发展的时机已经成熟。,35,全省同步化,-1
9,广东已经发展到了“先富帮后富、最终实现共同富裕”的关键阶段。经过多年接续努力，珠三角辐射带动能力不断增强，粤东西北地区发展条件显著改善，______发展的时机已经成熟。,36,全省互补化  ,-1
10,______是广东创新发展最重要的平台载体，要加快建设进度，做好区域协同创新文章，打造带动全省创新发展的强大引擎。,37,广东自由贸易试验区 ,0
10,______是广东创新发展最重要的平台载体，要加快建设进度，做好区域协同创新文章，打造带动全省创新发展的强大引擎。,38,粤港澳大湾区,0
10,______是广东创新发展最重要的平台载体，要加快建设进度，做好区域协同创新文章，打造带动全省创新发展的强大引擎。,39,粤港澳人才合作示范区,0
10,______是广东创新发展最重要的平台载体，要加快建设进度，做好区域协同创新文章，打造带动全省创新发展的强大引擎。,40,珠三角国家自主创新示范区 ,1
16,《党章》规定，党员除了享有表决权、选举权和被选举权以外，还有权要求______或撤换不称职的干部。,61,开除,0
16,《党章》规定，党员除了享有表决权、选举权和被选举权以外，还有权要求______或撤换不称职的干部。,62,罢免,1
16,《党章》规定，党员除了享有表决权、选举权和被选举权以外，还有权要求______或撤换不称职的干部。,63,辞退,-1
16,《党章》规定，党员除了享有表决权、选举权和被选举权以外，还有权要求______或撤换不称职的干部。,64,处分,-1
50,《党章》总纲指出：马克思列宁主义揭示了______，它的基本原理是正确的，具有强大的生命力。,197,共产党执政规律,0
50,《党章》总纲指出：马克思列宁主义揭示了______，它的基本原理是正确的，具有强大的生命力。,198,社会主义建设规律,0
50,《党章》总纲指出：马克思列宁主义揭示了______，它的基本原理是正确的，具有强大的生命力。,199,人类社会历史发展规律,1
19,《党章》中关于党员权利，下列说法中，错误的应该是______。,73,党员只能向所在的党组织提出请求、申诉和控告,1
19,《党章》中关于党员权利，下列说法中，错误的应该是______。,74,党员可以向党的上级组织直至中央提出请求、申诉和控告，并要求有关组织给以负责的答复,-1
19,《党章》中关于党员权利，下列说法中，错误的应该是______。,75,对党的决议和政策如有不同意见，在坚决执行的前提下，可以声明保留，并且可以把自己的意见向党的上级组织直至中央提出,-1
19,《党章》中关于党员权利，下列说法中，错误的应该是______。,76,在党组织讨论决定对党员的党纪处分或作出鉴定时，本人有权参加和进行申辩，其他党员可以为他作证和辩护,-1
133,我们要永远保持建党时中国共产党人的奋斗精神，永远保持对人民的赤子之心。一切向前走，都不能忘记走过的路；走得再远、走到再光辉的未来，也不能忘记走过的过去，不能忘记为什么出发。面向未来，面对挑战，全党同志一定要______、继续前进。,516,不忘历史,0
133,我们要永远保持建党时中国共产党人的奋斗精神，永远保持对人民的赤子之心。一切向前走，都不能忘记走过的路；走得再远、走到再光辉的未来，也不能忘记走过的过去，不能忘记为什么出发。面向未来，面对挑战，全党同志一定要______、继续前进。,517,不忘初心,1
133,我们要永远保持建党时中国共产党人的奋斗精神，永远保持对人民的赤子之心。一切向前走，都不能忘记走过的路；走得再远、走到再光辉的未来，也不能忘记走过的过去，不能忘记为什么出发。面向未来，面对挑战，全党同志一定要______、继续前进。,518,不忘理想,-1
133,我们要永远保持建党时中国共产党人的奋斗精神，永远保持对人民的赤子之心。一切向前走，都不能忘记走过的路；走得再远、走到再光辉的未来，也不能忘记走过的过去，不能忘记为什么出发。面向未来，面对挑战，全党同志一定要______、继续前进。,519,不忘宗旨,-1
135,坚持不忘初心、继续前进，就要牢记我们党从成立起就把为共产主义、社会主义而奋斗确定为自己的纲领，坚定共产主义远大理想和______共同理想，不断把为崇高理想奋斗的伟大实践推向前进。,524,社会主义,0
135,坚持不忘初心、继续前进，就要牢记我们党从成立起就把为共产主义、社会主义而奋斗确定为自己的纲领，坚定共产主义远大理想和______共同理想，不断把为崇高理想奋斗的伟大实践推向前进。,525,马克思主义,0
135,坚持不忘初心、继续前进，就要牢记我们党从成立起就把为共产主义、社会主义而奋斗确定为自己的纲领，坚定共产主义远大理想和______共同理想，不断把为崇高理想奋斗的伟大实践推向前进。,526,中国特色社会主义,1
135,坚持不忘初心、继续前进，就要牢记我们党从成立起就把为共产主义、社会主义而奋斗确定为自己的纲领，坚定共产主义远大理想和______共同理想，不断把为崇高理想奋斗的伟大实践推向前进。,527,中华民族伟大复兴,-1
27,《党章》规定，党的纪律处分有______、撤销党内职务、留党察看、开除党籍五种。,105,警告、严重警告,1
27,《党章》规定，党的纪律处分有______、撤销党内职务、留党察看、开除党籍五种。,106,记过、记大过,-1
27,《党章》规定，党的纪律处分有______、撤销党内职务、留党察看、开除党籍五种。,107,警告、记过,-1
27,《党章》规定，党的纪律处分有______、撤销党内职务、留党察看、开除党籍五种。,108,记过、严重警告,-1
130,党章规定了纪委的3项主要任务和5项经常性工作，概括起来，就是______。,504,监督,0
130,党章规定了纪委的3项主要任务和5项经常性工作，概括起来，就是______。,505,执纪,0
130,党章规定了纪委的3项主要任务和5项经常性工作，概括起来，就是______。,506,问责,0
130,党章规定了纪委的3项主要任务和5项经常性工作，概括起来，就是______。,507,监督执纪问责,1
83,国家机关工作人员严重不负责任，不履行或者不认真履行职责，致使公共财产、国家和人民利益遭受重大损失的行为，构成______。,325,滥用职权罪,0
83,国家机关工作人员严重不负责任，不履行或者不认真履行职责，致使公共财产、国家和人民利益遭受重大损失的行为，构成______。,326,玩忽职守罪,1
83,国家机关工作人员严重不负责任，不履行或者不认真履行职责，致使公共财产、国家和人民利益遭受重大损失的行为，构成______。,327,徇私舞弊罪,-1
83,国家机关工作人员严重不负责任，不履行或者不认真履行职责，致使公共财产、国家和人民利益遭受重大损失的行为，构成______。,328,监管失职罪,-1
120,党要管党、从严治党，靠什么管，凭什么治？就要靠______。,464,完善制度,0
120,党要管党、从严治党，靠什么管，凭什么治？就要靠______。,465,开展反腐败斗争,0
120,党要管党、从严治党，靠什么管，凭什么治？就要靠______。,466,严格党员管理,0
120,党要管党、从严治党，靠什么管，凭什么治？就要靠______。,467,严明纪律,1
49,党的中央纪律检查委员会根据工作需要，可以向中央一级党和国家机关派驻党的纪律检查组或纪律检查员。纪律检查组组长或纪律检查员可以______该机关党的领导组织的有关会议。,193,出席,0
49,党的中央纪律检查委员会根据工作需要，可以向中央一级党和国家机关派驻党的纪律检查组或纪律检查员。纪律检查组组长或纪律检查员可以______该机关党的领导组织的有关会议。,194,列席,1
49,党的中央纪律检查委员会根据工作需要，可以向中央一级党和国家机关派驻党的纪律检查组或纪律检查员。纪律检查组组长或纪律检查员可以______该机关党的领导组织的有关会议。,195,不能参加,-1
49,党的中央纪律检查委员会根据工作需要，可以向中央一级党和国家机关派驻党的纪律检查组或纪律检查员。纪律检查组组长或纪律检查员可以______该机关党的领导组织的有关会议。,196,旁听,-1
121,全党同志要强化党的意识，始终把党放在心中最高位置，牢记自己的第一身份是______，第一职责是为党工作，做到忠诚于组织，任何时候都与党同心同德。,468,公务员,0
121,全党同志要强化党的意识，始终把党放在心中最高位置，牢记自己的第一身份是______，第一职责是为党工作，做到忠诚于组织，任何时候都与党同心同德。,469,公民,0
121,全党同志要强化党的意识，始终把党放在心中最高位置，牢记自己的第一身份是______，第一职责是为党工作，做到忠诚于组织，任何时候都与党同心同德。,470,人民群众,0
121,全党同志要强化党的意识，始终把党放在心中最高位置，牢记自己的第一身份是______，第一职责是为党工作，做到忠诚于组织，任何时候都与党同心同德。,471,共产党员,1
110,党的______，把邓小平理论确立为党的指导思想。,430,十三大,0
110,党的______，把邓小平理论确立为党的指导思想。,431,十四大,0
110,党的______，把邓小平理论确立为党的指导思想。,432,十五大,1
123,解决党内存在的种种难题，必须营造一个良好从政环境，也就是要有一个好的______。,476,政治环境,0
123,解决党内存在的种种难题，必须营造一个良好从政环境，也就是要有一个好的______。,477,政治生态,1
123,解决党内存在的种种难题，必须营造一个良好从政环境，也就是要有一个好的______。,478,政治氛围,-1
123,解决党内存在的种种难题，必须营造一个良好从政环境，也就是要有一个好的______。,479,政治气候,-1
95,1978年12月召开的党的十一届三中全会，是新中国成立以来党的历史上具有深远意义的伟大转折。这次会议确定把全党的工作重点转移到______上来。,373,社会主义现代化建设,1
95,1978年12月召开的党的十一届三中全会，是新中国成立以来党的历史上具有深远意义的伟大转折。这次会议确定把全党的工作重点转移到______上来。,374,拨乱反正,-1
95,1978年12月召开的党的十一届三中全会，是新中国成立以来党的历史上具有深远意义的伟大转折。这次会议确定把全党的工作重点转移到______上来。,375,对外开放,-1
95,1978年12月召开的党的十一届三中全会，是新中国成立以来党的历史上具有深远意义的伟大转折。这次会议确定把全党的工作重点转移到______上来。,376,改革开放,-1
122,培育和弘扬社会主义核心价值观必须立足______。,472,普世价值,0
122,培育和弘扬社会主义核心价值观必须立足______。,473,马克思主义,0
122,培育和弘扬社会主义核心价值观必须立足______。,474,世界文明成果,0
122,培育和弘扬社会主义核心价值观必须立足______。,475,中华优秀传统文化,1
31,《党章》规定，党员对党组织作出的处分决定不服，可以提出______ ，有关党组织必须负责处理或者迅速转递，不得扣压。,121,申辩,0
31,《党章》规定，党员对党组织作出的处分决定不服，可以提出______ ，有关党组织必须负责处理或者迅速转递，不得扣压。,122,复议,0
31,《党章》规定，党员对党组织作出的处分决定不服，可以提出______ ，有关党组织必须负责处理或者迅速转递，不得扣压。,123,申诉,1
31,《党章》规定，党员对党组织作出的处分决定不服，可以提出______ ，有关党组织必须负责处理或者迅速转递，不得扣压。,124,诉讼,-1
39,______是党的根本组织制度和领导制度，是最重要的组织纪律。,153,多党合作制,0
39,______是党的根本组织制度和领导制度，是最重要的组织纪律。,154,民主集中制,1
39,______是党的根本组织制度和领导制度，是最重要的组织纪律。,155,常委会议事制,-1
39,______是党的根本组织制度和领导制度，是最重要的组织纪律。,156,民主生活会,-1
24,《党章》规定，党按照______的原则选拔干部。,93,政绩突出,0
24,《党章》规定，党按照______的原则选拔干部。,94,德才兼备、以德为先,1
24,《党章》规定，党按照______的原则选拔干部。,95,政治性强,-1
24,《党章》规定，党按照______的原则选拔干部。,96,德才兼备,-1
73,隐瞒入党前严重错误的，一般应当予以______。,286,开除,0
73,隐瞒入党前严重错误的，一般应当予以______。,287,撤销党内职务,0
73,隐瞒入党前严重错误的，一般应当予以______。,288,除名,1
73,隐瞒入党前严重错误的，一般应当予以______。,289,留党察看,-1
41,预备党员的______同正式党员一样。,161,权利,0
41,预备党员的______同正式党员一样。,162,权利和义务,0
41,预备党员的______同正式党员一样。,163,义务,1
41,预备党员的______同正式党员一样。,164,待遇,-1
63,受到改组处理的党组织领导机构成员，除应当受到撤销党内职务以上（含撤销党内职务）处分的外，均______免职。,246,应当,0
63,受到改组处理的党组织领导机构成员，除应当受到撤销党内职务以上（含撤销党内职务）处分的外，均______免职。,247,必须,0
63,受到改组处理的党组织领导机构成员，除应当受到撤销党内职务以上（含撤销党内职务）处分的外，均______免职。,248,自然,1
63,受到改组处理的党组织领导机构成员，除应当受到撤销党内职务以上（含撤销党内职务）处分的外，均______免职。,249,可以,-1
74,《中国共产党纪律处分条例》规定，党员受到开除党籍处分，______内不得重新入党，有特殊约定的除外。,290,一年,0
74,《中国共产党纪律处分条例》规定，党员受到开除党籍处分，______内不得重新入党，有特殊约定的除外。,291,二年,0
74,《中国共产党纪律处分条例》规定，党员受到开除党籍处分，______内不得重新入党，有特殊约定的除外。,292,三年,0
74,《中国共产党纪律处分条例》规定，党员受到开除党籍处分，______内不得重新入党，有特殊约定的除外。,293,五年,1
60,《中国共产党纪律处分条例》规定，不按照有关规定或者工作要求，向组织请示报告重大问题、重要事项的，给予警告或者严重警告处分；情节严重的，给予撤销党内职务或者______处分。,234,严重警告,0
60,《中国共产党纪律处分条例》规定，不按照有关规定或者工作要求，向组织请示报告重大问题、重要事项的，给予警告或者严重警告处分；情节严重的，给予撤销党内职务或者______处分。,235,撤销党内职务,0
60,《中国共产党纪律处分条例》规定，不按照有关规定或者工作要求，向组织请示报告重大问题、重要事项的，给予警告或者严重警告处分；情节严重的，给予撤销党内职务或者______处分。,236,留党察看,1
60,《中国共产党纪律处分条例》规定，不按照有关规定或者工作要求，向组织请示报告重大问题、重要事项的，给予警告或者严重警告处分；情节严重的，给予撤销党内职务或者______处分。,237,开除党籍,-1
25,《党章》规定，党选拔干部坚持______、任人唯贤，反对任人唯亲。,97,五湖四海,1
25,《党章》规定，党选拔干部坚持______、任人唯贤，反对任人唯亲。,98,政绩突出,-1
25,《党章》规定，党选拔干部坚持______、任人唯贤，反对任人唯亲。,99,政治性强,-1
25,《党章》规定，党选拔干部坚持______、任人唯贤，反对任人唯亲。,100,以德为先,-1
46,党的全国代表大会每五年举行一次，由中央委员会召集。中央委员会认为有必要，或者有______以上的省一级组织提出要求，全国代表大会可以提前举行；如无非常情况，不得延期举行。,181,二分之一,0
46,党的全国代表大会每五年举行一次，由中央委员会召集。中央委员会认为有必要，或者有______以上的省一级组织提出要求，全国代表大会可以提前举行；如无非常情况，不得延期举行。,182,三分之一,1
46,党的全国代表大会每五年举行一次，由中央委员会召集。中央委员会认为有必要，或者有______以上的省一级组织提出要求，全国代表大会可以提前举行；如无非常情况，不得延期举行。,183,四分之一,-1
46,党的全国代表大会每五年举行一次，由中央委员会召集。中央委员会认为有必要，或者有______以上的省一级组织提出要求，全国代表大会可以提前举行；如无非常情况，不得延期举行。,184,五分之一,-1
129,我们党作为马克思主义政党，______是突出的特点和优势。没有强有力的政治保证，党的团结统一就是一句空话。,500,讲学习,0
129,我们党作为马克思主义政党，______是突出的特点和优势。没有强有力的政治保证，党的团结统一就是一句空话。,501,讲大局,0
129,我们党作为马克思主义政党，______是突出的特点和优势。没有强有力的政治保证，党的团结统一就是一句空话。,502,讲政治,1
129,我们党作为马克思主义政党，______是突出的特点和优势。没有强有力的政治保证，党的团结统一就是一句空话。,503,讲规矩,-1
13,《党章》规定，党员必须切实开展批评和自我批评，勇于揭露和纠正工作中的缺点、错误，坚决______。,49,同消极现象作斗争,0
13,《党章》规定，党员必须切实开展批评和自我批评，勇于揭露和纠正工作中的缺点、错误，坚决______。,50,同消极腐败现象作斗争,1
13,《党章》规定，党员必须切实开展批评和自我批评，勇于揭露和纠正工作中的缺点、错误，坚决______。,51,同腐败现象作斗争,-1
13,《党章》规定，党员必须切实开展批评和自我批评，勇于揭露和纠正工作中的缺点、错误，坚决______。,52,同不良现象作斗争,-1
34,《党章》规定，我们党的最大政治优势是密切联系群众，党执政后的最大危险是脱离群众。______、党同人民群众联系问题是关系党生死存亡的问题。,133,党风问题,1
34,《党章》规定，我们党的最大政治优势是密切联系群众，党执政后的最大危险是脱离群众。______、党同人民群众联系问题是关系党生死存亡的问题。,134,作风问题,-1
34,《党章》规定，我们党的最大政治优势是密切联系群众，党执政后的最大危险是脱离群众。______、党同人民群众联系问题是关系党生死存亡的问题。,135,民主问题,-1
34,《党章》规定，我们党的最大政治优势是密切联系群众，党执政后的最大危险是脱离群众。______、党同人民群众联系问题是关系党生死存亡的问题。,136,思想问题,-1
149,坚决维护党中央权威、保证全党令行禁止，是党和国家前途命运所系，是全国各族人民根本利益所在，也是加强和规范党内政治生活的______。,580,重要保障,0
149,坚决维护党中央权威、保证全党令行禁止，是党和国家前途命运所系，是全国各族人民根本利益所在，也是加强和规范党内政治生活的______。,581,重要目标,0
149,坚决维护党中央权威、保证全党令行禁止，是党和国家前途命运所系，是全国各族人民根本利益所在，也是加强和规范党内政治生活的______。,582,重要任务,0
149,坚决维护党中央权威、保证全党令行禁止，是党和国家前途命运所系，是全国各族人民根本利益所在，也是加强和规范党内政治生活的______。,583,重要目的,1
150,当前和今后一个时期，制约我国经济发展的因素，供给和需求两侧都有，但矛盾的主要方面在______。,584,需求侧,0
150,当前和今后一个时期，制约我国经济发展的因素，供给和需求两侧都有，但矛盾的主要方面在______。,585,生产侧,0
150,当前和今后一个时期，制约我国经济发展的因素，供给和需求两侧都有，但矛盾的主要方面在______。,586,供给侧,1
150,当前和今后一个时期，制约我国经济发展的因素，供给和需求两侧都有，但矛盾的主要方面在______。,587,消费侧,-1
136,______，是更基础、更广泛、更深厚的自信。在5000多年文明发展中孕育的中华优秀传统文化，在党和人民伟大斗争中孕育的革命文化和社会主义先进文化，积淀着中华民族最深层的精神追求，代表着中华民族独特的精神标识。,528,理论自信,0
136,______，是更基础、更广泛、更深厚的自信。在5000多年文明发展中孕育的中华优秀传统文化，在党和人民伟大斗争中孕育的革命文化和社会主义先进文化，积淀着中华民族最深层的精神追求，代表着中华民族独特的精神标识。,529,道路自信,0
136,______，是更基础、更广泛、更深厚的自信。在5000多年文明发展中孕育的中华优秀传统文化，在党和人民伟大斗争中孕育的革命文化和社会主义先进文化，积淀着中华民族最深层的精神追求，代表着中华民族独特的精神标识。,530,制度自信,0
136,______，是更基础、更广泛、更深厚的自信。在5000多年文明发展中孕育的中华优秀传统文化，在党和人民伟大斗争中孕育的革命文化和社会主义先进文化，积淀着中华民族最深层的精神追求，代表着中华民族独特的精神标识。,531,文化自信,1
40,党的思想路线是一切从实际出发，理论联系实际，______，在实践中检验真理和发展真理。,157,实事求是,1
40,党的思想路线是一切从实际出发，理论联系实际，______，在实践中检验真理和发展真理。,158,开拓创新,-1
40,党的思想路线是一切从实际出发，理论联系实际，______，在实践中检验真理和发展真理。,159,解放思想,-1
40,党的思想路线是一切从实际出发，理论联系实际，______，在实践中检验真理和发展真理。,160,求真务实,-1
35,《党章》规定，党员经过留党察看，确已改正错误的，应当恢复其党员的权利；坚持错误不改的，应当______。,137,严重警告,0
35,《党章》规定，党员经过留党察看，确已改正错误的，应当恢复其党员的权利；坚持错误不改的，应当______。,138,撤销党内职务,0
35,《党章》规定，党员经过留党察看，确已改正错误的，应当恢复其党员的权利；坚持错误不改的，应当______。,139,开除党籍,1
35,《党章》规定，党员经过留党察看，确已改正错误的，应当恢复其党员的权利；坚持错误不改的，应当______。,140,撤销党内外职务,-1
29,《党章》规定，对于严重触犯刑律的党员，必须______。,113,开除党籍,1
29,《党章》规定，对于严重触犯刑律的党员，必须______。,114,留党察看,-1
29,《党章》规定，对于严重触犯刑律的党员，必须______。,115,撤销党内职务,-1
29,《党章》规定，对于严重触犯刑律的党员，必须______。,116,开除公职,-1
14,《党章》规定，党员必须密切联系群众，向群众宣传党的主张，遇事同群众商量，及时向党反映群众的意见和要求，维护______。,53,群众的正当利益,1
14,《党章》规定，党员必须密切联系群众，向群众宣传党的主张，遇事同群众商量，及时向党反映群众的意见和要求，维护______。,54,群众的全部利益,-1
14,《党章》规定，党员必须密切联系群众，向群众宣传党的主张，遇事同群众商量，及时向党反映群众的意见和要求，维护______。,55,群众的利益,-1
14,《党章》规定，党员必须密切联系群众，向群众宣传党的主张，遇事同群众商量，及时向党反映群众的意见和要求，维护______。,56,群众的所有利益,-1
108,最先在中国提出“中国共产党”这个名称的是______。,424,李大钊,0
108,最先在中国提出“中国共产党”这个名称的是______。,425,陈独秀,0
108,最先在中国提出“中国共产党”这个名称的是______。,426,蔡和森,1
45,《党章》规定的共产党员必须履行的第一项义务是：认真学习马克思列宁主义、毛泽东思想、邓小平理论和______，学习党的路线、方针、政策和决议，学习党的基本知识，学习科学、文化、法律和业务知识，努力提高为人民服务的本领。,177,中国特色社会主义,0
45,《党章》规定的共产党员必须履行的第一项义务是：认真学习马克思列宁主义、毛泽东思想、邓小平理论和______，学习党的路线、方针、政策和决议，学习党的基本知识，学习科学、文化、法律和业务知识，努力提高为人民服务的本领。,178,“三个代表”重要思想和科学发展观,1
45,《党章》规定的共产党员必须履行的第一项义务是：认真学习马克思列宁主义、毛泽东思想、邓小平理论和______，学习党的路线、方针、政策和决议，学习党的基本知识，学习科学、文化、法律和业务知识，努力提高为人民服务的本领。,179,市场经济理论,-1
45,《党章》规定的共产党员必须履行的第一项义务是：认真学习马克思列宁主义、毛泽东思想、邓小平理论和______，学习党的路线、方针、政策和决议，学习党的基本知识，学习科学、文化、法律和业务知识，努力提高为人民服务的本领。,180,社会主义核心价值体系,-1
143,全党同志要增强政治意识、大局意识、核心意识、看齐意识，切实做到______、为党分忧、为党担责、为党尽责。,556,对党忠诚,1
143,全党同志要增强政治意识、大局意识、核心意识、看齐意识，切实做到______、为党分忧、为党担责、为党尽责。,557,对党老实,-1
143,全党同志要增强政治意识、大局意识、核心意识、看齐意识，切实做到______、为党分忧、为党担责、为党尽责。,558,对党负责,-1
143,全党同志要增强政治意识、大局意识、核心意识、看齐意识，切实做到______、为党分忧、为党担责、为党尽责。,559,对党认真,-1
106,红军长征的胜利预示着______。,417,中国革命新的局面到来,1
106,红军长征的胜利预示着______。,418,国民党统治即将垮台,-1
106,红军长征的胜利预示着______。,419,抗日战争全面爆发,-1
106,红军长征的胜利预示着______。,420,国共合作的形成,-1
134,坚持不忘初心、继续前进，就要坚持马克思主义的指导地位，坚持把马克思主义基本原理同当代中国实际和时代特点紧密结合起来，推进理论创新、实践创新，不断把______推向前进。,520,马克思主义时代化,0
134,坚持不忘初心、继续前进，就要坚持马克思主义的指导地位，坚持把马克思主义基本原理同当代中国实际和时代特点紧密结合起来，推进理论创新、实践创新，不断把______推向前进。,521,马克思主义中国化   ,1
134,坚持不忘初心、继续前进，就要坚持马克思主义的指导地位，坚持把马克思主义基本原理同当代中国实际和时代特点紧密结合起来，推进理论创新、实践创新，不断把______推向前进。,522,马克思主义大众化,-1
134,坚持不忘初心、继续前进，就要坚持马克思主义的指导地位，坚持把马克思主义基本原理同当代中国实际和时代特点紧密结合起来，推进理论创新、实践创新，不断把______推向前进。,523,马克思主义群众化,-1
132,新型政商关系应该是什么样的？概括起来说，就是“亲”、______两个字。,512,“和”,0
132,新型政商关系应该是什么样的？概括起来说，就是“亲”、______两个字。,513,“情”,0
132,新型政商关系应该是什么样的？概括起来说，就是“亲”、______两个字。,514,“善”,0
132,新型政商关系应该是什么样的？概括起来说，就是“亲”、______两个字。,515,“清”,1
103,宋庆龄说：“孙中山与中国共产党之间具有历史意义的合作不是偶然的，它是当时的国际局势和中国本身的内部条件造成的。”她话中的“国际局势”和“内部条件”是指______。,405,日本侵略加深和国内抗日救亡运动兴起,0
103,宋庆龄说：“孙中山与中国共产党之间具有历史意义的合作不是偶然的，它是当时的国际局势和中国本身的内部条件造成的。”她话中的“国际局势”和“内部条件”是指______。,406,十月革命的影响和中共对孙中山的真诚帮助,1
103,宋庆龄说：“孙中山与中国共产党之间具有历史意义的合作不是偶然的，它是当时的国际局势和中国本身的内部条件造成的。”她话中的“国际局势”和“内部条件”是指______。,407,巴黎和会外交失败和五四运动爆发,-1
103,宋庆龄说：“孙中山与中国共产党之间具有历史意义的合作不是偶然的，它是当时的国际局势和中国本身的内部条件造成的。”她话中的“国际局势”和“内部条件”是指______。,408,第一次世界大战爆发和蒋介石集团背叛革命,-1
65,违纪党员在党组织作出处分决定前死亡，或者在死亡之后发现其曾有严重违纪行为，对于应当给予开除党籍处分的，开除其党籍；对于应当给予留党察看以下（含留党察看）处分的，作出______结论，不再给予党纪处分。,254,书面,1
65,违纪党员在党组织作出处分决定前死亡，或者在死亡之后发现其曾有严重违纪行为，对于应当给予开除党籍处分的，开除其党籍；对于应当给予留党察看以下（含留党察看）处分的，作出______结论，不再给予党纪处分。,255,口头,-1
65,违纪党员在党组织作出处分决定前死亡，或者在死亡之后发现其曾有严重违纪行为，对于应当给予开除党籍处分的，开除其党籍；对于应当给予留党察看以下（含留党察看）处分的，作出______结论，不再给予党纪处分。,256,暂时,-1
65,违纪党员在党组织作出处分决定前死亡，或者在死亡之后发现其曾有严重违纪行为，对于应当给予开除党籍处分的，开除其党籍；对于应当给予留党察看以下（含留党察看）处分的，作出______结论，不再给予党纪处分。,257,临时,-1
43,党的各级代表大会的代表和委员会的产生，要体现______的意志。选举采用无记名投票的方式。候选人名单要由党组织和选举人充分酝酿讨论。,169,党员代表,0
43,党的各级代表大会的代表和委员会的产生，要体现______的意志。选举采用无记名投票的方式。候选人名单要由党组织和选举人充分酝酿讨论。,170,选举人,1
43,党的各级代表大会的代表和委员会的产生，要体现______的意志。选举采用无记名投票的方式。候选人名单要由党组织和选举人充分酝酿讨论。,171,党组织,-1
43,党的各级代表大会的代表和委员会的产生，要体现______的意志。选举采用无记名投票的方式。候选人名单要由党组织和选举人充分酝酿讨论。,172,全体人民,-1
147,我们党历来重视抓全党特别是领导干部的______，这是推动党和人民事业发展的一条成功经验。全党同志一定要善于学习，善于重新学习。,572,工作,0
147,我们党历来重视抓全党特别是领导干部的______，这是推动党和人民事业发展的一条成功经验。全党同志一定要善于学习，善于重新学习。,573,生活,0
147,我们党历来重视抓全党特别是领导干部的______，这是推动党和人民事业发展的一条成功经验。全党同志一定要善于学习，善于重新学习。,574,学习,1
147,我们党历来重视抓全党特别是领导干部的______，这是推动党和人民事业发展的一条成功经验。全党同志一定要善于学习，善于重新学习。,575,教育,-1
126,各级各部门党委（党组）必须树立正确政绩观，坚持从巩固党的执政地位的大局看问题，把______作为最大的政绩。,488,抓好发展,0
126,各级各部门党委（党组）必须树立正确政绩观，坚持从巩固党的执政地位的大局看问题，把______作为最大的政绩。,489,抓好稳定,0
126,各级各部门党委（党组）必须树立正确政绩观，坚持从巩固党的执政地位的大局看问题，把______作为最大的政绩。,490,抓好改革,0
126,各级各部门党委（党组）必须树立正确政绩观，坚持从巩固党的执政地位的大局看问题，把______作为最大的政绩。,491,抓好党建,1
142,全党要以自我革命的政治勇气，着力解决党自身存在的突出问题，不断增强党自我净化、自我完善、______、自我提高能力，经受“四大考验”、克服“四种危险”，确保党始终成为中国特色社会主义事业的坚强领导核心。,552,自我革命,0
142,全党要以自我革命的政治勇气，着力解决党自身存在的突出问题，不断增强党自我净化、自我完善、______、自我提高能力，经受“四大考验”、克服“四种危险”，确保党始终成为中国特色社会主义事业的坚强领导核心。,553,自我解剖,0
142,全党要以自我革命的政治勇气，着力解决党自身存在的突出问题，不断增强党自我净化、自我完善、______、自我提高能力，经受“四大考验”、克服“四种危险”，确保党始终成为中国特色社会主义事业的坚强领导核心。,554,自我革新,1
142,全党要以自我革命的政治勇气，着力解决党自身存在的突出问题，不断增强党自我净化、自我完善、______、自我提高能力，经受“四大考验”、克服“四种危险”，确保党始终成为中国特色社会主义事业的坚强领导核心。,555,自我斗争,-1
57,《中国共产党纪律处分条例》规定，撤销党内职务处分，如果决定撤销其某个职务，必须撤销其担任的最高职务。如果决定撤销其两个以上职务，则必须从其担任的______职务开始依次撤销。,222,最高,1
57,《中国共产党纪律处分条例》规定，撤销党内职务处分，如果决定撤销其某个职务，必须撤销其担任的最高职务。如果决定撤销其两个以上职务，则必须从其担任的______职务开始依次撤销。,223,最低,-1
57,《中国共产党纪律处分条例》规定，撤销党内职务处分，如果决定撤销其某个职务，必须撤销其担任的最高职务。如果决定撤销其两个以上职务，则必须从其担任的______职务开始依次撤销。,224,兼任,-1
57,《中国共产党纪律处分条例》规定，撤销党内职务处分，如果决定撤销其某个职务，必须撤销其担任的最高职务。如果决定撤销其两个以上职务，则必须从其担任的______职务开始依次撤销。,225,视情况而定,-1
124,从严治党靠教育，也靠______，二者一柔一刚，要同向发力、同时发力。,480,纪律,0
124,从严治党靠教育，也靠______，二者一柔一刚，要同向发力、同时发力。,481,制度,1
124,从严治党靠教育，也靠______，二者一柔一刚，要同向发力、同时发力。,482,惩处,-1
124,从严治党靠教育，也靠______，二者一柔一刚，要同向发力、同时发力。,483,解决实际问题,-1
32,党章是最根本的党内法规，是管党治党的总规矩。党的纪律是党的各级组织和______党员必须遵守的行为规则。,125,多数,0
32,党章是最根本的党内法规，是管党治党的总规矩。党的纪律是党的各级组织和______党员必须遵守的行为规则。,126,局部,0
32,党章是最根本的党内法规，是管党治党的总规矩。党的纪律是党的各级组织和______党员必须遵守的行为规则。,127,全体,1
32,党章是最根本的党内法规，是管党治党的总规矩。党的纪律是党的各级组织和______党员必须遵守的行为规则。,128,少数,-1
51,《党章》总纲强调，要以改革创新精神全面推进党的建设新的伟大工程，整体推进党的思想建设、组织建设、作风建设、______、制度建设。,200,先进性建设,0
51,《党章》总纲强调，要以改革创新精神全面推进党的建设新的伟大工程，整体推进党的思想建设、组织建设、作风建设、______、制度建设。,201,反腐倡廉建设,1
51,《党章》总纲强调，要以改革创新精神全面推进党的建设新的伟大工程，整体推进党的思想建设、组织建设、作风建设、______、制度建设。,202,纯洁性建设,-1
12,《党章》规定，党员必须坚持______高于一切，个人利益服从党和人民的利益，吃苦在前，享受在后，克己奉公，多做贡献。,45,个人利益,0
12,《党章》规定，党员必须坚持______高于一切，个人利益服从党和人民的利益，吃苦在前，享受在后，克己奉公，多做贡献。,46,局部利益,0
12,《党章》规定，党员必须坚持______高于一切，个人利益服从党和人民的利益，吃苦在前，享受在后，克己奉公，多做贡献。,47,集体利益,0
12,《党章》规定，党员必须坚持______高于一切，个人利益服从党和人民的利益，吃苦在前，享受在后，克己奉公，多做贡献。,48,党和人民的利益,1
84,巨额财产来源不明罪是指国家工作人员的财产或者支出明显超过合法收入，差额巨大，而本人又不能说明其来源是合法的行为。对于巨额财产来源不明，数额在______的，应予立案。,329,5万元以上,0
84,巨额财产来源不明罪是指国家工作人员的财产或者支出明显超过合法收入，差额巨大，而本人又不能说明其来源是合法的行为。对于巨额财产来源不明，数额在______的，应予立案。,330,10万元以上,0
84,巨额财产来源不明罪是指国家工作人员的财产或者支出明显超过合法收入，差额巨大，而本人又不能说明其来源是合法的行为。对于巨额财产来源不明，数额在______的，应予立案。,331,20万元以上,0
84,巨额财产来源不明罪是指国家工作人员的财产或者支出明显超过合法收入，差额巨大，而本人又不能说明其来源是合法的行为。对于巨额财产来源不明，数额在______的，应予立案。,332,30万元以上,1
85,《中国共产党纪律处分条例》规定，在干部选拔任用工作中，违反干部选拔任用规定的，追究______的责任，情节较轻的，给予警告或者严重警告处分；情节较重的，给予撤销党内职务或者留党察看处分；情节严重的，给予开除党籍处分。,333,重要领导责任者,0
85,《中国共产党纪律处分条例》规定，在干部选拔任用工作中，违反干部选拔任用规定的，追究______的责任，情节较轻的，给予警告或者严重警告处分；情节较重的，给予撤销党内职务或者留党察看处分；情节严重的，给予开除党籍处分。,334,直接责任者,0
85,《中国共产党纪律处分条例》规定，在干部选拔任用工作中，违反干部选拔任用规定的，追究______的责任，情节较轻的，给予警告或者严重警告处分；情节较重的，给予撤销党内职务或者留党察看处分；情节严重的，给予开除党籍处分。,335,主要领导责任者,0
85,《中国共产党纪律处分条例》规定，在干部选拔任用工作中，违反干部选拔任用规定的，追究______的责任，情节较轻的，给予警告或者严重警告处分；情节较重的，给予撤销党内职务或者留党察看处分；情节严重的，给予开除党籍处分。,336,直接责任者和领导责任者,1
131,当前“为官不为”主要有3种情况：一是能力不足而“不能为”，二是动力不足而“不想为”，三是担当不足而______。,508,“不愿为”,0
131,当前“为官不为”主要有3种情况：一是能力不足而“不能为”，二是动力不足而“不想为”，三是担当不足而______。,509,“不去为”,0
131,当前“为官不为”主要有3种情况：一是能力不足而“不能为”，二是动力不足而“不想为”，三是担当不足而______。,510,“不善为”,0
131,当前“为官不为”主要有3种情况：一是能力不足而“不能为”，二是动力不足而“不想为”，三是担当不足而______。,511,“不敢为”,1
67,违反党的优良传统和______等党的规矩，在政治上造成不良影响的，给予警告或者严重警告处分；情节较重的，给予撤销党内职务或者留党察看处分；情节严重的，给予开除党籍处分。,262,工作惯例,1
67,违反党的优良传统和______等党的规矩，在政治上造成不良影响的，给予警告或者严重警告处分；情节较重的，给予撤销党内职务或者留党察看处分；情节严重的，给予开除党籍处分。,263,工作作风,-1
67,违反党的优良传统和______等党的规矩，在政治上造成不良影响的，给予警告或者严重警告处分；情节较重的，给予撤销党内职务或者留党察看处分；情节严重的，给予开除党籍处分。,264,工作方法,-1
67,违反党的优良传统和______等党的规矩，在政治上造成不良影响的，给予警告或者严重警告处分；情节较重的，给予撤销党内职务或者留党察看处分；情节严重的，给予开除党籍处分。,265,工作理论,-1
92,全国解放战争三大战役中，历时最长、规模最大、歼敌数量最多的是______。,361,辽沈战役,0
92,全国解放战争三大战役中，历时最长、规模最大、歼敌数量最多的是______。,362,淮海战役,1
92,全国解放战争三大战役中，历时最长、规模最大、歼敌数量最多的是______。,363,平津战役,-1
92,全国解放战争三大战役中，历时最长、规模最大、歼敌数量最多的是______。,364,锦州战役,-1
111,中共中央在______会议上，确定了抗日民族统一战线的策略。,433,遵义,0
111,中共中央在______会议上，确定了抗日民族统一战线的策略。,434,瓦窑堡,1
111,中共中央在______会议上，确定了抗日民族统一战线的策略。,435,洛川,-1
88,我们党确立全面抗战路线的会议是______。,345,遵义会议,0
88,我们党确立全面抗战路线的会议是______。,346,瓦窑堡会议,0
88,我们党确立全面抗战路线的会议是______。,347,洛川会议,1
88,我们党确立全面抗战路线的会议是______。,348,重庆谈判,-1
145,各级领导干部要加快知识更新、加强实践锻炼，使专业素养和工作能力跟上时代节拍，避免少知而迷、无知而乱，努力成为做好工作的______。,564,专家,0
145,各级领导干部要加快知识更新、加强实践锻炼，使专业素养和工作能力跟上时代节拍，避免少知而迷、无知而乱，努力成为做好工作的______。,565,行家里手,1
145,各级领导干部要加快知识更新、加强实践锻炼，使专业素养和工作能力跟上时代节拍，避免少知而迷、无知而乱，努力成为做好工作的______。,566,能工巧匠,-1
145,各级领导干部要加快知识更新、加强实践锻炼，使专业素养和工作能力跟上时代节拍，避免少知而迷、无知而乱，努力成为做好工作的______。,567,大师,-1
48,党的各级纪律检查委员会的主要任务是：维护党的章程和其他党内法规，检查党的路线、方针、政策和决议的执行情况，协助党的委员会加强党风建设和______反腐败工作。,189,组织领导,0
48,党的各级纪律检查委员会的主要任务是：维护党的章程和其他党内法规，检查党的路线、方针、政策和决议的执行情况，协助党的委员会加强党风建设和______反腐败工作。,190,主管,0
48,党的各级纪律检查委员会的主要任务是：维护党的章程和其他党内法规，检查党的路线、方针、政策和决议的执行情况，协助党的委员会加强党风建设和______反腐败工作。,191,组织协调,1
48,党的各级纪律检查委员会的主要任务是：维护党的章程和其他党内法规，检查党的路线、方针、政策和决议的执行情况，协助党的委员会加强党风建设和______反腐败工作。,192,具体实施,-1
148,领导干部要发扬______的马克思主义学风，带着问题学，拜人民为师，做到干中学、学中干，学以致用、用以促学、学用相长，千万不能夸夸其谈、陷于“客里空”。,576,密切联系群众,0
148,领导干部要发扬______的马克思主义学风，带着问题学，拜人民为师，做到干中学、学中干，学以致用、用以促学、学用相长，千万不能夸夸其谈、陷于“客里空”。,577,理论联系实践,0
148,领导干部要发扬______的马克思主义学风，带着问题学，拜人民为师，做到干中学、学中干，学以致用、用以促学、学用相长，千万不能夸夸其谈、陷于“客里空”。,578,理论联系实际,1
148,领导干部要发扬______的马克思主义学风，带着问题学，拜人民为师，做到干中学、学中干，学以致用、用以促学、学用相长，千万不能夸夸其谈、陷于“客里空”。,579,批评与自我批评,-1
18,《党章》规定，当党员对党的决议和政策有不同意见时，下列说法中，正确的应该是______。,69,可以不执行党的决议和政策,0
18,《党章》规定，当党员对党的决议和政策有不同意见时，下列说法中，正确的应该是______。,70,在坚决执行的前提下，可以声明保留，并且可以把自己的意见向党的上级组织直至中央提出,1
18,《党章》规定，当党员对党的决议和政策有不同意见时，下列说法中，正确的应该是______。,71,必须坚决执行，不可以声明保留，也不允许向上级组织提出,-1
18,《党章》规定，当党员对党的决议和政策有不同意见时，下列说法中，正确的应该是______。,72,在不执行的同时，向上级组织提出,-1
17,《党章》规定，在党组织讨论决定对党员的党纪处分或作出鉴定时，下列说法中，正确的应该是______。,65,本人无权参加和进行申辩,0
17,《党章》规定，在党组织讨论决定对党员的党纪处分或作出鉴定时，下列说法中，正确的应该是______。,66,其他党员不可以为他作证和辩护,0
17,《党章》规定，在党组织讨论决定对党员的党纪处分或作出鉴定时，下列说法中，正确的应该是______。,67,本人有权参加和进行申辩，其他党员可以为他作证和辩护,1
17,《党章》规定，在党组织讨论决定对党员的党纪处分或作出鉴定时，下列说法中，正确的应该是______。,68,本人有权参加和进行申辩，其他党员不可以为他作证和辩护,-1
86,五四运动标志着中国______。,337,封建主义的寿终正寝,0
86,五四运动标志着中国______。,338,新民主主义革命的开端,1
86,五四运动标志着中国______。,339,共产党走上历史舞台,-1
86,五四运动标志着中国______。,340,资产阶级革命的转变,-1
96,党的思想路线是______，在实践中检验真理和发展真理。,377,一切从实际出发，解放思想，实事求是,0
96,党的思想路线是______，在实践中检验真理和发展真理。,378,一切从实际出发，实事求是，与时俱进,0
96,党的思想路线是______，在实践中检验真理和发展真理。,379,一切从实际出发，理论联系实际，实事求是,1
96,党的思想路线是______，在实践中检验真理和发展真理。,380,一切从实际出发，理论联系实际，与时俱进,-1
77,《中国共产党纪律处分条例》所称主动交代，是指涉嫌违纪的党员在组织______向有关组织交代自己的问题，或者在初核和立案调查其问题期间交代组织未掌握的问题。,301,受理前,0
77,《中国共产党纪律处分条例》所称主动交代，是指涉嫌违纪的党员在组织______向有关组织交代自己的问题，或者在初核和立案调查其问题期间交代组织未掌握的问题。,302,初核前,1
77,《中国共产党纪律处分条例》所称主动交代，是指涉嫌违纪的党员在组织______向有关组织交代自己的问题，或者在初核和立案调查其问题期间交代组织未掌握的问题。,303,处分前,-1
77,《中国共产党纪律处分条例》所称主动交代，是指涉嫌违纪的党员在组织______向有关组织交代自己的问题，或者在初核和立案调查其问题期间交代组织未掌握的问题。,304,结案前,-1
128,______改革是我国经济发展进入新常态的必然选择，要在已有工作和成效的基础上再接再厉，在目标、任务、方式、政策、路径、举措等方面进一步前进。,496,行政审批制度,0
128,______改革是我国经济发展进入新常态的必然选择，要在已有工作和成效的基础上再接再厉，在目标、任务、方式、政策、路径、举措等方面进一步前进。,497,供给侧结构性  ,1
128,______改革是我国经济发展进入新常态的必然选择，要在已有工作和成效的基础上再接再厉，在目标、任务、方式、政策、路径、举措等方面进一步前进。,498,国有企业改革,-1
128,______改革是我国经济发展进入新常态的必然选择，要在已有工作和成效的基础上再接再厉，在目标、任务、方式、政策、路径、举措等方面进一步前进。,499,收入分配体制改革,-1
98,中国特色社会主义理论体系是包括邓小平理论、“三个代表”重要思想和______等重大战略思想在内的科学理论体系。,385,以人为本,0
98,中国特色社会主义理论体系是包括邓小平理论、“三个代表”重要思想和______等重大战略思想在内的科学理论体系。,386,小康社会,0
98,中国特色社会主义理论体系是包括邓小平理论、“三个代表”重要思想和______等重大战略思想在内的科学理论体系。,387,科学发展观,1
98,中国特色社会主义理论体系是包括邓小平理论、“三个代表”重要思想和______等重大战略思想在内的科学理论体系。,388,马克思列宁主义,-1
87,中国新民主主义革命胜利的三大法宝：______、武装斗争、党的建设。,341,党的作风,0
87,中国新民主主义革命胜利的三大法宝：______、武装斗争、党的建设。,342,党的领导,0
87,中国新民主主义革命胜利的三大法宝：______、武装斗争、党的建设。,343,群众路线,0
87,中国新民主主义革命胜利的三大法宝：______、武装斗争、党的建设。,344,统一战线,1
139,我们要顺应人民群众对美好生活的向往，坚持______的发展思想，以保障和改善民生为重点，发展各项社会事业，加大收入分配调节力度，打赢脱贫攻坚战，保证人民平等参与、平等发展权利，使改革发展成果更多更公平惠及全体人民，朝着实现全体人民共同富裕的目标稳步迈进。,540,以经济建设为中心,0
139,我们要顺应人民群众对美好生活的向往，坚持______的发展思想，以保障和改善民生为重点，发展各项社会事业，加大收入分配调节力度，打赢脱贫攻坚战，保证人民平等参与、平等发展权利，使改革发展成果更多更公平惠及全体人民，朝着实现全体人民共同富裕的目标稳步迈进。,541,以全心全意为人民服务为中心 ,0
139,我们要顺应人民群众对美好生活的向往，坚持______的发展思想，以保障和改善民生为重点，发展各项社会事业，加大收入分配调节力度，打赢脱贫攻坚战，保证人民平等参与、平等发展权利，使改革发展成果更多更公平惠及全体人民，朝着实现全体人民共同富裕的目标稳步迈进。,542,以人民为中心,1
139,我们要顺应人民群众对美好生活的向往，坚持______的发展思想，以保障和改善民生为重点，发展各项社会事业，加大收入分配调节力度，打赢脱贫攻坚战，保证人民平等参与、平等发展权利，使改革发展成果更多更公平惠及全体人民，朝着实现全体人民共同富裕的目标稳步迈进。,543,以共同富裕为中心,-1
55,现阶段我们党的统一战线是在中国共产党领导下由全体社会主义劳动者、社会主义事业的______、拥护社会主义的爱国者、拥护祖国统一的爱国者组成的最广泛的爱国统一战线。,214,建设者,1
55,现阶段我们党的统一战线是在中国共产党领导下由全体社会主义劳动者、社会主义事业的______、拥护社会主义的爱国者、拥护祖国统一的爱国者组成的最广泛的爱国统一战线。,215,经营者,-1
55,现阶段我们党的统一战线是在中国共产党领导下由全体社会主义劳动者、社会主义事业的______、拥护社会主义的爱国者、拥护祖国统一的爱国者组成的最广泛的爱国统一战线。,216,领导者,-1
55,现阶段我们党的统一战线是在中国共产党领导下由全体社会主义劳动者、社会主义事业的______、拥护社会主义的爱国者、拥护祖国统一的爱国者组成的最广泛的爱国统一战线。,217,执行者,-1
93,“三个代表”重要思想在______时被写入党章。,365,十六大,1
93,“三个代表”重要思想在______时被写入党章。,366,十七大,-1
93,“三个代表”重要思想在______时被写入党章。,367,十五大,-1
93,“三个代表”重要思想在______时被写入党章。,368,十四大,-1
68,搞权色交易或者给予财物搞______的，给予警告或者严重警告处分；情节较重的，给予撤销党内职务或者留党察看处分；情节严重的，给予开除党籍处分。,266,权权交易,0
68,搞权色交易或者给予财物搞______的，给予警告或者严重警告处分；情节较重的，给予撤销党内职务或者留党察看处分；情节严重的，给予开除党籍处分。,267,权钱交易,0
68,搞权色交易或者给予财物搞______的，给予警告或者严重警告处分；情节较重的，给予撤销党内职务或者留党察看处分；情节严重的，给予开除党籍处分。,268,钱色交易,1
68,搞权色交易或者给予财物搞______的，给予警告或者严重警告处分；情节较重的，给予撤销党内职务或者留党察看处分；情节严重的，给予开除党籍处分。,269,其他交易,-1
99,毛泽东系统阐述人民民主专政理论的代表作是______。,389,《中国社会各阶级的分析》,0
99,毛泽东系统阐述人民民主专政理论的代表作是______。,390,《中国的红色政权为什么能够存在？》,0
99,毛泽东系统阐述人民民主专政理论的代表作是______。,391,《中国革命和中国共产党》,0
99,毛泽东系统阐述人民民主专政理论的代表作是______。,392,《论人民民主专政》,1
70,干涉群众生产经营自主权，致使群众财产遭受______损失的，对直接责任者和领导责任者，给予警告或者严重警告处分；情节严重的，给予撤销党内职务或者留党察看处分。,274,重大,0
70,干涉群众生产经营自主权，致使群众财产遭受______损失的，对直接责任者和领导责任者，给予警告或者严重警告处分；情节严重的，给予撤销党内职务或者留党察看处分。,275,较大,1
70,干涉群众生产经营自主权，致使群众财产遭受______损失的，对直接责任者和领导责任者，给予警告或者严重警告处分；情节严重的，给予撤销党内职务或者留党察看处分。,276,一般,-1
70,干涉群众生产经营自主权，致使群众财产遭受______损失的，对直接责任者和领导责任者，给予警告或者严重警告处分；情节严重的，给予撤销党内职务或者留党察看处分。,277,巨大,-1
109,毛泽东思想的活的灵魂有三个基本方面，即______。,427,实事求是、群众路线、独立自主,1
109,毛泽东思想的活的灵魂有三个基本方面，即______。,428,辩证法、唯物论、实事求是,-1
109,毛泽东思想的活的灵魂有三个基本方面，即______。,429,实事求是、解放思想、独立自主,-1
102,第一次提出“毛泽东思想”这一概念的是______。,401,刘少奇,0
102,第一次提出“毛泽东思想”这一概念的是______。,402,王稼祥,1
102,第一次提出“毛泽东思想”这一概念的是______。,403,周恩来,-1
102,第一次提出“毛泽东思想”这一概念的是______。,404,邓小平,-1
81,党员领导干部对违反政治纪律和政治规矩等错误思想和行为放任不管，搞无原则一团和气，造成不良影响的，给予______。,317,警告或者严重警告,1
81,党员领导干部对违反政治纪律和政治规矩等错误思想和行为放任不管，搞无原则一团和气，造成不良影响的，给予______。,318,严重警告或撤销党内职务,-1
81,党员领导干部对违反政治纪律和政治规矩等错误思想和行为放任不管，搞无原则一团和气，造成不良影响的，给予______。,319,记过或者记大过,-1
81,党员领导干部对违反政治纪律和政治规矩等错误思想和行为放任不管，搞无原则一团和气，造成不良影响的，给予______。,320,撤销党内职务或留党察看,-1
22,《党章》规定，凡属重大问题，党的各级委员会都要按照集体领导、民主集中、个别酝酿、______的原则，由党的委员会集体讨论，作出决定。,85,会议决定,1
22,《党章》规定，凡属重大问题，党的各级委员会都要按照集体领导、民主集中、个别酝酿、______的原则，由党的委员会集体讨论，作出决定。,86,书记个人决定,-1
22,《党章》规定，凡属重大问题，党的各级委员会都要按照集体领导、民主集中、个别酝酿、______的原则，由党的委员会集体讨论，作出决定。,87,常委会决定,-1
22,《党章》规定，凡属重大问题，党的各级委员会都要按照集体领导、民主集中、个别酝酿、______的原则，由党的委员会集体讨论，作出决定。,88,书记办公会,-1
66,通过信息网络、广播、电视、报刊、书籍、讲座、论坛、报告会、座谈会等方式，公开发表坚持资产阶级自由化立场、反对四项基本原则、反对党的改革开放决策的文章、演说、宣言、声明等的，给予______处分。,258,警告,0
66,通过信息网络、广播、电视、报刊、书籍、讲座、论坛、报告会、座谈会等方式，公开发表坚持资产阶级自由化立场、反对四项基本原则、反对党的改革开放决策的文章、演说、宣言、声明等的，给予______处分。,259,严重警告,0
66,通过信息网络、广播、电视、报刊、书籍、讲座、论坛、报告会、座谈会等方式，公开发表坚持资产阶级自由化立场、反对四项基本原则、反对党的改革开放决策的文章、演说、宣言、声明等的，给予______处分。,260,留党察看,0
66,通过信息网络、广播、电视、报刊、书籍、讲座、论坛、报告会、座谈会等方式，公开发表坚持资产阶级自由化立场、反对四项基本原则、反对党的改革开放决策的文章、演说、宣言、声明等的，给予______处分。,261,开除党籍,1
54,中国共产党坚持实行______和不断完善制度，积极培养、选拔少数民族干部，帮助各少数民族地区发展经济、文化，实现各民族的共同繁荣和全面进步。,210,民族区域自治,1
54,中国共产党坚持实行______和不断完善制度，积极培养、选拔少数民族干部，帮助各少数民族地区发展经济、文化，实现各民族的共同繁荣和全面进步。,211,人民代表大会,-1
54,中国共产党坚持实行______和不断完善制度，积极培养、选拔少数民族干部，帮助各少数民族地区发展经济、文化，实现各民族的共同繁荣和全面进步。,212,共产党领导的多党合作,-1
54,中国共产党坚持实行______和不断完善制度，积极培养、选拔少数民族干部，帮助各少数民族地区发展经济、文化，实现各民族的共同繁荣和全面进步。,213,民族自治,-1
21,《党章》规定，中国共产党要领导全国各族人民实现社会主义现代化的宏伟目标，必须紧密围绕党的基本路线，加强党的执政能力建设、______，以改革创新精神全面推进党的建设新的伟大工程。,81,先进性建设,0
21,《党章》规定，中国共产党要领导全国各族人民实现社会主义现代化的宏伟目标，必须紧密围绕党的基本路线，加强党的执政能力建设、______，以改革创新精神全面推进党的建设新的伟大工程。,82,纯洁性建设,0
21,《党章》规定，中国共产党要领导全国各族人民实现社会主义现代化的宏伟目标，必须紧密围绕党的基本路线，加强党的执政能力建设、______，以改革创新精神全面推进党的建设新的伟大工程。,83,作风建设和反腐倡廉建设,0
21,《党章》规定，中国共产党要领导全国各族人民实现社会主义现代化的宏伟目标，必须紧密围绕党的基本路线，加强党的执政能力建设、______，以改革创新精神全面推进党的建设新的伟大工程。,84,先进性和纯洁性建设,1
91,全国解放战争时期，党领导的第一次大规模的学生爱国民主运动是______。,357,一二九运动,0
91,全国解放战争时期，党领导的第一次大规模的学生爱国民主运动是______。,358,一二一运动,1
91,全国解放战争时期，党领导的第一次大规模的学生爱国民主运动是______。,359,五二○运动,-1
91,全国解放战争时期，党领导的第一次大规模的学生爱国民主运动是______。,360,五卅运动,-1
20,《党章》规定，党的民主集中制的基本原则之一是“四个服从”，即党员个人服从党的组织，______，下级组织服从上级组织，全党各个组织和全体党员服从党的全国代表大会和中央委员会。,77,委员服从党委书记,0
20,《党章》规定，党的民主集中制的基本原则之一是“四个服从”，即党员个人服从党的组织，______，下级组织服从上级组织，全党各个组织和全体党员服从党的全国代表大会和中央委员会。,78,少数服从多数,1
20,《党章》规定，党的民主集中制的基本原则之一是“四个服从”，即党员个人服从党的组织，______，下级组织服从上级组织，全党各个组织和全体党员服从党的全国代表大会和中央委员会。,79,普通党员服从党组织书记,-1
20,《党章》规定，党的民主集中制的基本原则之一是“四个服从”，即党员个人服从党的组织，______，下级组织服从上级组织，全党各个组织和全体党员服从党的全国代表大会和中央委员会。,80,以上都不是,-1
47,党的基层委员会每届任期三年至五年，总支部委员会、支部委员会每届任期______。,185,三年或五年,0
47,党的基层委员会每届任期三年至五年，总支部委员会、支部委员会每届任期______。,186,一年或两年,0
47,党的基层委员会每届任期三年至五年，总支部委员会、支部委员会每届任期______。,187,两年或三年,1
47,党的基层委员会每届任期三年至五年，总支部委员会、支部委员会每届任期______。,188,三年或四年,-1
15,《党章》规定，党员必须发扬社会主义新风尚，带头实践社会主义荣辱观，提倡______，为了保护国家和人民的利益，在一切困难和危险的时刻挺身而出，英勇斗争，不怕牺牲。,57,政治品德,0
15,《党章》规定，党员必须发扬社会主义新风尚，带头实践社会主义荣辱观，提倡______，为了保护国家和人民的利益，在一切困难和危险的时刻挺身而出，英勇斗争，不怕牺牲。,58,职业道德,0
15,《党章》规定，党员必须发扬社会主义新风尚，带头实践社会主义荣辱观，提倡______，为了保护国家和人民的利益，在一切困难和危险的时刻挺身而出，英勇斗争，不怕牺牲。,59,集体利益,0
15,《党章》规定，党员必须发扬社会主义新风尚，带头实践社会主义荣辱观，提倡______，为了保护国家和人民的利益，在一切困难和危险的时刻挺身而出，英勇斗争，不怕牺牲。,60,共产主义道德,1
97,中国人民民主革命胜利的标志是______。,381,人民解放军占领南京,0
97,中国人民民主革命胜利的标志是______。,382,三大战役的胜利,0
97,中国人民民主革命胜利的标志是______。,383,中国人民政治协商会议召开,0
97,中国人民民主革命胜利的标志是______。,384,中华人民共和国成立,1
69,违反有关规定取得、持有、实际使用运动健身卡、会所和俱乐部会员卡、高尔夫球卡等各种消费卡，或者违反有关规定出入私人会所，情节较重的，给予______处分。,270,撤销党内职务,0
69,违反有关规定取得、持有、实际使用运动健身卡、会所和俱乐部会员卡、高尔夫球卡等各种消费卡，或者违反有关规定出入私人会所，情节较重的，给予______处分。,271,撤销党内职务或者留党察看,0
69,违反有关规定取得、持有、实际使用运动健身卡、会所和俱乐部会员卡、高尔夫球卡等各种消费卡，或者违反有关规定出入私人会所，情节较重的，给予______处分。,272,警告或严重警告,1
69,违反有关规定取得、持有、实际使用运动健身卡、会所和俱乐部会员卡、高尔夫球卡等各种消费卡，或者违反有关规定出入私人会所，情节较重的，给予______处分。,273,开除党籍,-1
101,邓小平最早提出“建设有中国特色社会主义”命题是在______。,397,党的十一届三中全会,0
101,邓小平最早提出“建设有中国特色社会主义”命题是在______。,398,党的十二大,1
101,邓小平最早提出“建设有中国特色社会主义”命题是在______。,399,党的十三大,-1
101,邓小平最早提出“建设有中国特色社会主义”命题是在______。,400,党的十四大,-1
38,《党章》规定的各项纪律都必须严格遵守和执行，而最首要、最核心的就是要严格遵守和执行党的______。,149,政治纪律,1
38,《党章》规定的各项纪律都必须严格遵守和执行，而最首要、最核心的就是要严格遵守和执行党的______。,150,组织纪律,-1
38,《党章》规定的各项纪律都必须严格遵守和执行，而最首要、最核心的就是要严格遵守和执行党的______。,151,经济工作纪律,-1
38,《党章》规定的各项纪律都必须严格遵守和执行，而最首要、最核心的就是要严格遵守和执行党的______。,152,群众工作纪律,-1
144,脱贫攻坚要取得实实在在的效果，必须因地制宜，探索多渠道、多元化的______新路径，在精准施策上出实招、在精准推进上下实功、在精准落地上见实效。,560,政策扶贫,0
144,脱贫攻坚要取得实实在在的效果，必须因地制宜，探索多渠道、多元化的______新路径，在精准施策上出实招、在精准推进上下实功、在精准落地上见实效。,561,精准扶贫,1
144,脱贫攻坚要取得实实在在的效果，必须因地制宜，探索多渠道、多元化的______新路径，在精准施策上出实招、在精准推进上下实功、在精准落地上见实效。,562,政府扶贫,-1
144,脱贫攻坚要取得实实在在的效果，必须因地制宜，探索多渠道、多元化的______新路径，在精准施策上出实招、在精准推进上下实功、在精准落地上见实效。,563,社会扶贫,-1
140,各级领导干部要对法律怀有敬畏之心，带头依法办事，带头遵守法律，不断提高运用______深化改革、推动发展、化解矛盾、维护稳定能力。,544,法治思维 ,0
140,各级领导干部要对法律怀有敬畏之心，带头依法办事，带头遵守法律，不断提高运用______深化改革、推动发展、化解矛盾、维护稳定能力。,545,法治方式,0
140,各级领导干部要对法律怀有敬畏之心，带头依法办事，带头遵守法律，不断提高运用______深化改革、推动发展、化解矛盾、维护稳定能力。,546,常新思维,0
140,各级领导干部要对法律怀有敬畏之心，带头依法办事，带头遵守法律，不断提高运用______深化改革、推动发展、化解矛盾、维护稳定能力。,547,法治思维和法治方式,1
104,井冈山革命根据地的建立和巩固的重大意义是______。,409,我党独立领导武装斗争，创建人民军队开始,0
104,井冈山革命根据地的建立和巩固的重大意义是______。,410,确立了以毛泽东为核心的党中央正确领导,0
104,井冈山革命根据地的建立和巩固的重大意义是______。,411,奠定了后来国共合作的基础,0
104,井冈山革命根据地的建立和巩固的重大意义是______。,412,开辟农村包围城市，最后夺取全国胜利道路,1
61,党员有权向党负责地揭发、检举党的任何组织和任何党员违纪违法的事实，提倡______举报。,238,匿名,0
61,党员有权向党负责地揭发、检举党的任何组织和任何党员违纪违法的事实，提倡______举报。,239,实名,1
61,党员有权向党负责地揭发、检举党的任何组织和任何党员违纪违法的事实，提倡______举报。,240,网络,-1
61,党员有权向党负责地揭发、检举党的任何组织和任何党员违纪违法的事实，提倡______举报。,241,媒体,-1
113,“三个代表”重要思想的本质是______。,439,立党为公、执政为民,1
113,“三个代表”重要思想的本质是______。,440,坚持与时俱进,-1
113,“三个代表”重要思想的本质是______。,441,保持党的先进性,-1
59,党员领导干部对违反______和政治规矩等错误思想和行为放任不管，搞无原则一团和气，造成不良影响的，给予警告或者严重警告处分；情节严重的，给予撤销党内职务或者留党察看处分。,230,组织纪律,0
59,党员领导干部对违反______和政治规矩等错误思想和行为放任不管，搞无原则一团和气，造成不良影响的，给予警告或者严重警告处分；情节严重的，给予撤销党内职务或者留党察看处分。,231,工作纪律,0
59,党员领导干部对违反______和政治规矩等错误思想和行为放任不管，搞无原则一团和气，造成不良影响的，给予警告或者严重警告处分；情节严重的，给予撤销党内职务或者留党察看处分。,232,群众纪律,0
59,党员领导干部对违反______和政治规矩等错误思想和行为放任不管，搞无原则一团和气，造成不良影响的，给予警告或者严重警告处分；情节严重的，给予撤销党内职务或者留党察看处分。,233,政治纪律,1
94,打响武装反抗国民党反动派第一枪的起义是______。,369,八一南昌起义,1
94,打响武装反抗国民党反动派第一枪的起义是______。,370,秋收起义,-1
94,打响武装反抗国民党反动派第一枪的起义是______。,371,广州起义,-1
94,打响武装反抗国民党反动派第一枪的起义是______。,372,武昌起义,-1
119,______是解决党内矛盾的有力武器，也是清除党内各种政治灰尘和政治微生物的有力武器。,460,党内斗争,0
119,______是解决党内矛盾的有力武器，也是清除党内各种政治灰尘和政治微生物的有力武器。,461,整风运动,0
119,______是解决党内矛盾的有力武器，也是清除党内各种政治灰尘和政治微生物的有力武器。,462,反腐败斗争,0
119,______是解决党内矛盾的有力武器，也是清除党内各种政治灰尘和政治微生物的有力武器。,463,批评和自我批评,1
28,《党章》规定，党的各级纪律检查委员会的主要任务是：维护党的章程和其他党内法规，检查党的路线、方针、政策和决议的执行情况，______。,109,对党员领导干部行使权力进行监督,0
28,《党章》规定，党的各级纪律检查委员会的主要任务是：维护党的章程和其他党内法规，检查党的路线、方针、政策和决议的执行情况，______。,110,检查和处理党的组织和党员违反党的章程和其他党内法规的比较重要或复杂的案件，决定或取消对这些案件中的党员的处分,0
28,《党章》规定，党的各级纪律检查委员会的主要任务是：维护党的章程和其他党内法规，检查党的路线、方针、政策和决议的执行情况，______。,111,协助党的委员会加强党风建设和组织协调反腐败工作,1
28,《党章》规定，党的各级纪律检查委员会的主要任务是：维护党的章程和其他党内法规，检查党的路线、方针、政策和决议的执行情况，______。,112,保障党员的权利,-1
44,凡是成立党的新组织，或是撤销党的原有组织，必须由______决定。,173,上级党组织,1
44,凡是成立党的新组织，或是撤销党的原有组织，必须由______决定。,174,上级党委和政府,-1
44,凡是成立党的新组织，或是撤销党的原有组织，必须由______决定。,175,党中央,-1
44,凡是成立党的新组织，或是撤销党的原有组织，必须由______决定。,176,上级党组织和纪委,-1
23,《党章》规定，任何党员不论职务高低，都不能个人决定重大问题；如遇紧急情况，必须由个人作出决定时，事后要迅速向党组织报告。不允许任何领导人______。,89,独断专行,0
23,《党章》规定，任何党员不论职务高低，都不能个人决定重大问题；如遇紧急情况，必须由个人作出决定时，事后要迅速向党组织报告。不允许任何领导人______。,90,借组织名义实现个人意图,0
23,《党章》规定，任何党员不论职务高低，都不能个人决定重大问题；如遇紧急情况，必须由个人作出决定时，事后要迅速向党组织报告。不允许任何领导人______。,91,强加个人意志,0
23,《党章》规定，任何党员不论职务高低，都不能个人决定重大问题；如遇紧急情况，必须由个人作出决定时，事后要迅速向党组织报告。不允许任何领导人______。,92,实行个人专断和把个人凌驾于组织之上,1
62,党员领导干部利用职权或职务上的影响大操大办儿子婚礼，在社会上造成不良影响，情节严重的，依据《中国共产党纪律处分条例》，应给予______处分。,242,严重警告,0
62,党员领导干部利用职权或职务上的影响大操大办儿子婚礼，在社会上造成不良影响，情节严重的，依据《中国共产党纪律处分条例》，应给予______处分。,243,撤销党内职务,1
62,党员领导干部利用职权或职务上的影响大操大办儿子婚礼，在社会上造成不良影响，情节严重的，依据《中国共产党纪律处分条例》，应给予______处分。,244,留党察看,-1
62,党员领导干部利用职权或职务上的影响大操大办儿子婚礼，在社会上造成不良影响，情节严重的，依据《中国共产党纪律处分条例》，应给予______处分。,245,开除党籍,-1
100,党的十五大把______写入党章，确立为党的指导思想。,393,建设有中国特色社会主义理论,0
100,党的十五大把______写入党章，确立为党的指导思想。,394,邓小平理论,1
100,党的十五大把______写入党章，确立为党的指导思想。,395,“三个代表”重要思想,-1
100,党的十五大把______写入党章，确立为党的指导思想。,396,科学发展观,-1
52,入党介绍人的任务是认真了解申请人的思想、品质、经历和工作表现，向他解释______，说明党员的条件、义务和权利，并向党组织作出负责的报告。,203,党的路线方针政策,0
52,入党介绍人的任务是认真了解申请人的思想、品质、经历和工作表现，向他解释______，说明党员的条件、义务和权利，并向党组织作出负责的报告。,204,党的纲领和党的章程,1
52,入党介绍人的任务是认真了解申请人的思想、品质、经历和工作表现，向他解释______，说明党员的条件、义务和权利，并向党组织作出负责的报告。,205,党的历史,-1
115,1978年12月召开的______，是建国以来中国共产党历史上具有深远意义的伟大转折，开创了我国社会主义事业发展的新时期。,445,党的十届三中全会,0
115,1978年12月召开的______，是建国以来中国共产党历史上具有深远意义的伟大转折，开创了我国社会主义事业发展的新时期。,446,党的十一大,0
115,1978年12月召开的______，是建国以来中国共产党历史上具有深远意义的伟大转折，开创了我国社会主义事业发展的新时期。,447,党的十一届三中全会,1
42,党的最高领导机关，是______和它所产生的中央委员会。,165,党的全国代表大会,1
42,党的最高领导机关，是______和它所产生的中央委员会。,166,党的全国代表会议,-1
42,党的最高领导机关，是______和它所产生的中央委员会。,167,党的全国代表大会和全国代表会议,-1
42,党的最高领导机关，是______和它所产生的中央委员会。,168,全国人民代表大会,-1
78,对于受到撤销党内职务以上（含撤销党内职务）处分的，还应当在______内办理职务、工资等相应变更手续。,305,一个月,1
78,对于受到撤销党内职务以上（含撤销党内职务）处分的，还应当在______内办理职务、工资等相应变更手续。,306,二个月,-1
78,对于受到撤销党内职务以上（含撤销党内职务）处分的，还应当在______内办理职务、工资等相应变更手续。,307,三个月,-1
78,对于受到撤销党内职务以上（含撤销党内职务）处分的，还应当在______内办理职务、工资等相应变更手续。,308,四个月,-1
64,对违纪后下落不明的党员有严重违纪行为，除应当给予开除党籍处分的外，下落不明时间超过六个月的，党组织应当按照党章规定对其予以______。,250,不承认,0
64,对违纪后下落不明的党员有严重违纪行为，除应当给予开除党籍处分的外，下落不明时间超过六个月的，党组织应当按照党章规定对其予以______。,251,劝退,0
64,对违纪后下落不明的党员有严重违纪行为，除应当给予开除党籍处分的外，下落不明时间超过六个月的，党组织应当按照党章规定对其予以______。,252,除名,1
64,对违纪后下落不明的党员有严重违纪行为，除应当给予开除党籍处分的外，下落不明时间超过六个月的，党组织应当按照党章规定对其予以______。,253,撤销,-1
79,诬告陷害他人意在使他人受______的，给予警告或者严重警告处分；情节较重的，给予撤销党内职务或者留党察看处分；情节严重的，给予开除党籍处分。,309,法律追究,0
79,诬告陷害他人意在使他人受______的，给予警告或者严重警告处分；情节较重的，给予撤销党内职务或者留党察看处分；情节严重的，给予开除党籍处分。,310,纪律追究,1
79,诬告陷害他人意在使他人受______的，给予警告或者严重警告处分；情节较重的，给予撤销党内职务或者留党察看处分；情节严重的，给予开除党籍处分。,311,责任追究,-1
79,诬告陷害他人意在使他人受______的，给予警告或者严重警告处分；情节较重的，给予撤销党内职务或者留党察看处分；情节严重的，给予开除党籍处分。,312,刑事追究,-1
89,延安整风运动的基本方针是______。,349,反对宗派主义以整顿党风,0
89,延安整风运动的基本方针是______。,350,“惩前毖后”，“治病救人”,1
89,延安整风运动的基本方针是______。,351,团结-批评-团结,-1
89,延安整风运动的基本方针是______。,352,实事求是，顾全大局,-1
141,坚持不忘初心、继续前进，就要保持党的先进性和纯洁性，着力提高执政能力和领导水平，着力增强抵御风险和拒腐防变能力，不断把______推向前进。,548,中国特色社会主义伟大事业,0
141,坚持不忘初心、继续前进，就要保持党的先进性和纯洁性，着力提高执政能力和领导水平，着力增强抵御风险和拒腐防变能力，不断把______推向前进。,549,党的建设新的伟大工程,1
141,坚持不忘初心、继续前进，就要保持党的先进性和纯洁性，着力提高执政能力和领导水平，着力增强抵御风险和拒腐防变能力，不断把______推向前进。,550,具有许多新的历史特点的伟大斗争,-1
141,坚持不忘初心、继续前进，就要保持党的先进性和纯洁性，着力提高执政能力和领导水平，着力增强抵御风险和拒腐防变能力，不断把______推向前进。,551,党的工作,-1
127,让人民支持和帮助我们从严治党，要注意畅通两个渠道，一个是建言献策渠道，一个是______渠道。,492,信访,0
127,让人民支持和帮助我们从严治党，要注意畅通两个渠道，一个是建言献策渠道，一个是______渠道。,493,舆论监督,0
127,让人民支持和帮助我们从严治党，要注意畅通两个渠道，一个是建言献策渠道，一个是______渠道。,494,批评监督,1
127,让人民支持和帮助我们从严治党，要注意畅通两个渠道，一个是建言献策渠道，一个是______渠道。,495,社会监督,-1
30,《党章》规定，对党员的纪律处分，必须经过______讨论决定，报党的基层委员会批准。,117,支部大会,1
30,《党章》规定，对党员的纪律处分，必须经过______讨论决定，报党的基层委员会批准。,118,委员会会议,-1
30,《党章》规定，对党员的纪律处分，必须经过______讨论决定，报党的基层委员会批准。,119,总支部委员会会议,-1
30,《党章》规定，对党员的纪律处分，必须经过______讨论决定，报党的基层委员会批准。,120,以上都不是,-1
90,抗日战争胜利后，为争取全国人民渴望的和平民主，中国共产党和国民党举行了______，签署了《政府与中共代表会谈纪要》（即《双十协定》）。,353,延安谈判,0
90,抗日战争胜利后，为争取全国人民渴望的和平民主，中国共产党和国民党举行了______，签署了《政府与中共代表会谈纪要》（即《双十协定》）。,354,南京谈判,0
90,抗日战争胜利后，为争取全国人民渴望的和平民主，中国共产党和国民党举行了______，签署了《政府与中共代表会谈纪要》（即《双十协定》）。,355,重庆谈判,1
90,抗日战争胜利后，为争取全国人民渴望的和平民主，中国共产党和国民党举行了______，签署了《政府与中共代表会谈纪要》（即《双十协定》）。,356,北平谈判,-1
118,______，是好干部第一位的标准，是不是好干部首先看这一条。,456,“四个意识”强 ,0
118,______，是好干部第一位的标准，是不是好干部首先看这一条。,457,理想信念坚定,1
118,______，是好干部第一位的标准，是不是好干部首先看这一条。,458,宗旨意识强,-1
118,______，是好干部第一位的标准，是不是好干部首先看这一条。,459,勤政务实,-1
116,习近平总书记对廖俊波同志先进事迹作出重要指示，号召广大党员、干部要向廖俊波同志学习，不忘初心、______、廉洁奉公，身体力行把党的方针政策落实到基层和群众中去，真心实意为人民造福。,448,扎实工作,1
116,习近平总书记对廖俊波同志先进事迹作出重要指示，号召广大党员、干部要向廖俊波同志学习，不忘初心、______、廉洁奉公，身体力行把党的方针政策落实到基层和群众中去，真心实意为人民造福。,449,恪尽职守,-1
116,习近平总书记对廖俊波同志先进事迹作出重要指示，号召广大党员、干部要向廖俊波同志学习，不忘初心、______、廉洁奉公，身体力行把党的方针政策落实到基层和群众中去，真心实意为人民造福。,450,爱岗敬业,-1
116,习近平总书记对廖俊波同志先进事迹作出重要指示，号召广大党员、干部要向廖俊波同志学习，不忘初心、______、廉洁奉公，身体力行把党的方针政策落实到基层和群众中去，真心实意为人民造福。,451,务实清廉,-1
138,遵守党的政治纪律，最核心的，就是______，坚持党的基本理论、基本路线、基本纲领、基本经验、基本要求，同党中央保持高度一致，自觉维护中央权威。,536,增强政治意识,0
138,遵守党的政治纪律，最核心的，就是______，坚持党的基本理论、基本路线、基本纲领、基本经验、基本要求，同党中央保持高度一致，自觉维护中央权威。,537,增强大局意识,0
138,遵守党的政治纪律，最核心的，就是______，坚持党的基本理论、基本路线、基本纲领、基本经验、基本要求，同党中央保持高度一致，自觉维护中央权威。,538,增强核心意识,0
138,遵守党的政治纪律，最核心的，就是______，坚持党的基本理论、基本路线、基本纲领、基本经验、基本要求，同党中央保持高度一致，自觉维护中央权威。,539,坚持党的领导,1
76,党组织在纪律审查中发现党员有______，虽不涉及犯罪但须追究党纪责任的，应当视具体情节给予警告直至开除党籍处分。,297,法律规定的行为,0
76,党组织在纪律审查中发现党员有______，虽不涉及犯罪但须追究党纪责任的，应当视具体情节给予警告直至开除党籍处分。,298,其他违法行为,0
76,党组织在纪律审查中发现党员有______，虽不涉及犯罪但须追究党纪责任的，应当视具体情节给予警告直至开除党籍处分。,299,刑法规定的行为,1
76,党组织在纪律审查中发现党员有______，虽不涉及犯罪但须追究党纪责任的，应当视具体情节给予警告直至开除党籍处分。,300,刑法规定的行为涉嫌犯罪的,-1
137,我们党是靠革命理想和______组织起来的马克思主义政党，纪律严明是党的光荣传统和独特优势。,532,党的理论,0
137,我们党是靠革命理想和______组织起来的马克思主义政党，纪律严明是党的光荣传统和独特优势。,533,党内法规,0
137,我们党是靠革命理想和______组织起来的马克思主义政党，纪律严明是党的光荣传统和独特优势。,534,党的纲领,0
137,我们党是靠革命理想和______组织起来的马克思主义政党，纪律严明是党的光荣传统和独特优势。,535,铁的纪律,1
114,在中国大地上举起俄国十月社会主义革命旗帜的第一人是______。,442,陈独秀,0
114,在中国大地上举起俄国十月社会主义革命旗帜的第一人是______。,443,李大钊,1
114,在中国大地上举起俄国十月社会主义革命旗帜的第一人是______。,444,毛泽东,-1
105,“雄关漫道真如铁，而今迈步从头越。”写于遵义会议后，对毛泽东这一词句的理解，最贴近其历史寓意的是______。,413,遵义会议后，红军长征取得了胜利,0
105,“雄关漫道真如铁，而今迈步从头越。”写于遵义会议后，对毛泽东这一词句的理解，最贴近其历史寓意的是______。,414,遵义会议，是中国革命生死攸关的转折点,1
105,“雄关漫道真如铁，而今迈步从头越。”写于遵义会议后，对毛泽东这一词句的理解，最贴近其历史寓意的是______。,415,遵义会议前的中国革命彻底失败，必须从头再来,-1
105,“雄关漫道真如铁，而今迈步从头越。”写于遵义会议后，对毛泽东这一词句的理解，最贴近其历史寓意的是______。,416,革命道路漫长而艰巨，前途不容乐观,-1
75,《中国共产党廉洁自律准则》分为两部分：一是党员廉洁自律规范；二是______。,294,领导廉洁从政规范,0
75,《中国共产党廉洁自律准则》分为两部分：一是党员廉洁自律规范；二是______。,295,领导干部廉洁自律规范,0
75,《中国共产党廉洁自律准则》分为两部分：一是党员廉洁自律规范；二是______。,296,党员领导干部廉洁自律规范,1
36,《党章》指出，党的上下级组织之间要互通情报、互相支持和______。,141,互相监督,1
36,《党章》指出，党的上下级组织之间要互通情报、互相支持和______。,142,互相批评,-1
36,《党章》指出，党的上下级组织之间要互通情报、互相支持和______。,143,互相促进,-1
36,《党章》指出，党的上下级组织之间要互通情报、互相支持和______。,144,互相提醒,-1
37,《党章》规定：党的各级代表大会代表实行______。,145,常任制,0
37,《党章》规定：党的各级代表大会代表实行______。,146,任期制,1
37,《党章》规定：党的各级代表大会代表实行______。,147,委任制,-1
37,《党章》规定：党的各级代表大会代表实行______。,148,聘任制,-1
107,党的______上诞生了我们党历史上的第一部党章。,421,中共一大,0
107,党的______上诞生了我们党历史上的第一部党章。,422,中共二大,1
107,党的______上诞生了我们党历史上的第一部党章。,423,中共三大,-1
71,遇到国家财产和群众生命财产受到______时，能救而不救，情节较重的，给予警告、严重警告或者撤销党内职务处分；情节严重的，给予留党察看或者开除党籍处分。,278,危害,0
71,遇到国家财产和群众生命财产受到______时，能救而不救，情节较重的，给予警告、严重警告或者撤销党内职务处分；情节严重的，给予留党察看或者开除党籍处分。,279,严重威胁,1
71,遇到国家财产和群众生命财产受到______时，能救而不救，情节较重的，给予警告、严重警告或者撤销党内职务处分；情节严重的，给予留党察看或者开除党籍处分。,280,危险,-1
71,遇到国家财产和群众生命财产受到______时，能救而不救，情节较重的，给予警告、严重警告或者撤销党内职务处分；情节严重的，给予留党察看或者开除党籍处分。,281,损失,-1
72,加强和规范党内政治生活的根本要求是坚持______的根本宗旨、保持党同人民群众的血肉联系。,282,实事求是,0
72,加强和规范党内政治生活的根本要求是坚持______的根本宗旨、保持党同人民群众的血肉联系。,283,全心全意为人民服务,1
72,加强和规范党内政治生活的根本要求是坚持______的根本宗旨、保持党同人民群众的血肉联系。,284,理论联系实际,-1
72,加强和规范党内政治生活的根本要求是坚持______的根本宗旨、保持党同人民群众的血肉联系。,285,改善群众生活,-1
56,2015年10月18日，中共中央印发了《中国共产党纪律处分条例》，并发出通知要求，各级党委（党组）要担当和落实好全面从严治党的主体责任，以对党的事业和党员、干部高度负责的精神，切实抓好《条例》的学习宣传、贯彻落实，使党的纪律______在全体党员特别是党员领导干部的心上。,218,保持,0
56,2015年10月18日，中共中央印发了《中国共产党纪律处分条例》，并发出通知要求，各级党委（党组）要担当和落实好全面从严治党的主体责任，以对党的事业和党员、干部高度负责的精神，切实抓好《条例》的学习宣传、贯彻落实，使党的纪律______在全体党员特别是党员领导干部的心上。,219,雕刻,0
56,2015年10月18日，中共中央印发了《中国共产党纪律处分条例》，并发出通知要求，各级党委（党组）要担当和落实好全面从严治党的主体责任，以对党的事业和党员、干部高度负责的精神，切实抓好《条例》的学习宣传、贯彻落实，使党的纪律______在全体党员特别是党员领导干部的心上。,220,刻印,1
56,2015年10月18日，中共中央印发了《中国共产党纪律处分条例》，并发出通知要求，各级党委（党组）要担当和落实好全面从严治党的主体责任，以对党的事业和党员、干部高度负责的精神，切实抓好《条例》的学习宣传、贯彻落实，使党的纪律______在全体党员特别是党员领导干部的心上。,221,停留,-1
117,概括起来说，好干部要做到信念坚定、为民服务、勤政务实、______、清正廉洁。,452,乐于奉献,0
117,概括起来说，好干部要做到信念坚定、为民服务、勤政务实、______、清正廉洁。,453,敢于担当,1
117,概括起来说，好干部要做到信念坚定、为民服务、勤政务实、______、清正廉洁。,454,敢于创新,-1
117,概括起来说，好干部要做到信念坚定、为民服务、勤政务实、______、清正廉洁。,455,艰苦奋斗,-1
26,《党章》规定，党的各级领导干部要正确行使人民赋予的权力，______，依法办事，清正廉洁，勤政为民，以身作则，艰苦朴素，密切联系群众，坚持党的群众路线，自觉地接受党和群众的批评和监督。,101,追求卓越,0
26,《党章》规定，党的各级领导干部要正确行使人民赋予的权力，______，依法办事，清正廉洁，勤政为民，以身作则，艰苦朴素，密切联系群众，坚持党的群众路线，自觉地接受党和群众的批评和监督。,102,坚持原则,1
26,《党章》规定，党的各级领导干部要正确行使人民赋予的权力，______，依法办事，清正廉洁，勤政为民，以身作则，艰苦朴素，密切联系群众，坚持党的群众路线，自觉地接受党和群众的批评和监督。,103,稳重为先,-1
26,《党章》规定，党的各级领导干部要正确行使人民赋予的权力，______，依法办事，清正廉洁，勤政为民，以身作则，艰苦朴素，密切联系群众，坚持党的群众路线，自觉地接受党和群众的批评和监督。,104,量力而为,-1
11,《党章》规定，中国共产党党员永远是劳动人民的普通一员。除了法律和政策规定范围内的个人利益和工作职权以外，所有共产党员都不得谋求任何______。,41,私利和特权,1
11,《党章》规定，中国共产党党员永远是劳动人民的普通一员。除了法律和政策规定范围内的个人利益和工作职权以外，所有共产党员都不得谋求任何______。,42,政治权力,-1
11,《党章》规定，中国共产党党员永远是劳动人民的普通一员。除了法律和政策规定范围内的个人利益和工作职权以外，所有共产党员都不得谋求任何______。,43,经济利益,-1
11,《党章》规定，中国共产党党员永远是劳动人民的普通一员。除了法律和政策规定范围内的个人利益和工作职权以外，所有共产党员都不得谋求任何______。,44,物质享受,-1
112,以第二次国共合作为基础的抗日民族统一战线正式形成的标志是______。,436,西安事变的和平解决,0
112,以第二次国共合作为基础的抗日民族统一战线正式形成的标志是______。,437,中共发表《抗日救国告同胞书》,0
112,以第二次国共合作为基础的抗日民族统一战线正式形成的标志是______。,438,国民党公布中共提交的《国共合作宣言》,1
58,《中国共产党纪律处分条例》规定，在党内搞团团伙伙、结党营私、拉帮结派、培植私人势力或者通过搞利益交换、为自己营造声势等活动捞取政治资本的，给予严重警告或者撤销党内职务处分；情节严重的，给予留党察看或者______处分。,226,严重警告,0
58,《中国共产党纪律处分条例》规定，在党内搞团团伙伙、结党营私、拉帮结派、培植私人势力或者通过搞利益交换、为自己营造声势等活动捞取政治资本的，给予严重警告或者撤销党内职务处分；情节严重的，给予留党察看或者______处分。,227,撤销党内职务,0
58,《中国共产党纪律处分条例》规定，在党内搞团团伙伙、结党营私、拉帮结派、培植私人势力或者通过搞利益交换、为自己营造声势等活动捞取政治资本的，给予严重警告或者撤销党内职务处分；情节严重的，给予留党察看或者______处分。,228,留党察看,0
58,《中国共产党纪律处分条例》规定，在党内搞团团伙伙、结党营私、拉帮结派、培植私人势力或者通过搞利益交换、为自己营造声势等活动捞取政治资本的，给予严重警告或者撤销党内职务处分；情节严重的，给予留党察看或者______处分。,229,开除党籍,1
53,坚持社会主义道路、坚持人民民主专政、坚持______、坚持马克思列宁主义毛泽东思想这四项基本原则，是我们的立国之本。,206,中国共产党的领导,1
53,坚持社会主义道路、坚持人民民主专政、坚持______、坚持马克思列宁主义毛泽东思想这四项基本原则，是我们的立国之本。,207,改革开放 ,-1
53,坚持社会主义道路、坚持人民民主专政、坚持______、坚持马克思列宁主义毛泽东思想这四项基本原则，是我们的立国之本。,208,以经济建设为中心,-1
53,坚持社会主义道路、坚持人民民主专政、坚持______、坚持马克思列宁主义毛泽东思想这四项基本原则，是我们的立国之本。,209,改革开放,-1
33,《党章》规定，党员的党龄，从______之日算起。,129,递交入党申请书,0
33,《党章》规定，党员的党龄，从______之日算起。,130,递交入党志愿书,0
33,《党章》规定，党员的党龄，从______之日算起。,131,支部大会通过其为预备党员,0
33,《党章》规定，党员的党龄，从______之日算起。,132,预备期满转为正式党员,1
82,受国家机关、国有公司、企业、事业单位、人民团体委托管理、经营______人员，利用职务上的便利，侵吞、窃取、骗取或者以其他非法手段占有该财物的，以贪污论。,321,公开财产,0
82,受国家机关、国有公司、企业、事业单位、人民团体委托管理、经营______人员，利用职务上的便利，侵吞、窃取、骗取或者以其他非法手段占有该财物的，以贪污论。,322,国有财产,1
82,受国家机关、国有公司、企业、事业单位、人民团体委托管理、经营______人员，利用职务上的便利，侵吞、窃取、骗取或者以其他非法手段占有该财物的，以贪污论。,323,公益财产,-1
82,受国家机关、国有公司、企业、事业单位、人民团体委托管理、经营______人员，利用职务上的便利，侵吞、窃取、骗取或者以其他非法手段占有该财物的，以贪污论。,324,公共财物,-1
125,从严治党，最根本的就是要使全党各级组织和全体党员、干部都按照______和党的各项规定办事。,484,党章,0
125,从严治党，最根本的就是要使全党各级组织和全体党员、干部都按照______和党的各项规定办事。,485,党内法规,0
125,从严治党，最根本的就是要使全党各级组织和全体党员、干部都按照______和党的各项规定办事。,486,党内政治生活准则,1
125,从严治党，最根本的就是要使全党各级组织和全体党员、干部都按照______和党的各项规定办事。,487,党内监督条例,-1
146,我们要坚持“以百姓心为心”，倾听人民心声，汲取人民智慧，始终把实现好、维护好、发展好最广大人民根本利益作为一切工作的出发点和落脚点，让______更多更公平惠及全体人民。,568,改革成果,0
146,我们要坚持“以百姓心为心”，倾听人民心声，汲取人民智慧，始终把实现好、维护好、发展好最广大人民根本利益作为一切工作的出发点和落脚点，让______更多更公平惠及全体人民。,569,发展成果,1
146,我们要坚持“以百姓心为心”，倾听人民心声，汲取人民智慧，始终把实现好、维护好、发展好最广大人民根本利益作为一切工作的出发点和落脚点，让______更多更公平惠及全体人民。,570,建设成果,-1
146,我们要坚持“以百姓心为心”，倾听人民心声，汲取人民智慧，始终把实现好、维护好、发展好最广大人民根本利益作为一切工作的出发点和落脚点，让______更多更公平惠及全体人民。,571,经济成果,-1
80,《中国共产党纪律处分条例》规定，以营利为目的聚众赌博或者以赌博为业的，给予______处分。,313,严重警告,0
80,《中国共产党纪律处分条例》规定，以营利为目的聚众赌博或者以赌博为业的，给予______处分。,314,撤销党内职务,0
80,《中国共产党纪律处分条例》规定，以营利为目的聚众赌博或者以赌博为业的，给予______处分。,315,留党察看,0
80,《中国共产党纪律处分条例》规定，以营利为目的聚众赌博或者以赌博为业的，给予______处分。,316,开除党籍,1
